Speed (Assumption),Torque (Assumption),Time,SOC,OCV
50,7,10,100,36
100,7,10,90,33
150,7,10,80,30
200,7,10,70,28
250,7,10,60,26.5
300,7,5,50,25.4
350,6.824385805,5,40,24.3
400,5.97133758,5,30,22
450,5.307855626,5,20,18
500,4.777070064,5,10,12
550,4.342790967,5,0,0
600,3.98089172,4,,
