Speed (Assumption),Torque (Assumption),Time,SOC,OCV
50,7,1,100,36
50,-7,2,90,33
100,7,2,80,30
100,-7,3,70,28
150,7,4,60,26.5
150,-7,3,50,25.4
200,7,2,40,24.3
200,-7,1,30,22
250,7,1,20,18
250,-7,2,10,12
300,7,3,0,0
300,-7,3,,
350,6.824385805,3,,
350,-6.824385805,4,,
400,5.97133758,2,,
400,-5.97133758,2,,
450,5.307855626,1,,
450,-5.307855626,3,,
500,4.777070064,4,,
500,-4.777070064,2,,
550,4.342790967,1,,
550,-4.342790967,1,,
600,3.98089172,1,,
600,-3.98089172,1,,
